{"cameraMode":{"drawMode":0,"name":"Shaded","section":"Shading Mode"},"sceneLighting":true,"audioPlay":false,"sceneViewState":{"showFog":true,"showMaterialUpdate":false,"showSkybox":true,"showFlares":true,"showImageEffects":true,"showParticleSystems":true},"in2DMode":false,"pivot":{"x":11.70703125,"y":10.296479225158692,"z":-30.514944076538087},"rotation":{"x":-0.018541274592280389,"y":0.5500708818435669,"z":-0.012224521487951279,"w":-0.8348515629768372},"size":6.342261791229248,"orthographic":false}